Workbook

Sheet Overview
A1: Age Frequency Distribution, Charts & PivotTables (Hospital Charges Data, n = 100)
A3: Source: "Hospital charges" sheet - 100 patients; variable analyzed: Age.
A5: Sheet "Age Distribution":
A6: - MIN and MAX of Age, found with =MIN() and =MAX().
A7: - Frequency distribution: 7 classes of width 10 (30-39 through 90-99) spanning the full Age range (39-96). Counts use an array-entered =FREQUENCY() formula; relative, percentage, cumulative and cumulative relative frequencies are calculated from it.
A8: - Histogram: column chart of the 7 age classes with bars touching (0% gap), as is standard for continuous data.
A9: - Frequency polygon: built from class midpoints, with a zero-frequency class added at each end so the line closes to the horizontal axis.
A10: - Bar chart: the same frequency table drawn with gaps between bars.
A11: - Pie chart: the same distribution shown as percentages of the whole.
A13: Sheet "Age vs LOS":
A14: - Scatter diagram of Age (x-axis) against Length of Stay / LOS (y-axis) for all 100 patients.
A16: Sheet "Pivot Tables": PivotTables counting patients by sex, and by length-of-stay category (Short / Medium / Long).

Sheet Pivot Tables
A1: Pivot Table 1: Sex - Count of Sex | E1: Pivot Table 2: Sex - Count of Age
A3: Row Labels | B3: Count of Sex | E3: Row Labels | F3: Count of Age
A4: F | B4: 64 | E4: F | F4: 64
A5: M | B5: 36 | E5: M | F5: 36
A6: Grand Total | B6: 100 | E6: Grand Total | F6: 100
A8: Is there any difference between the two tables? No. Both PivotTables show identical results (F=64, M=36, Grand Total=100) because the COUNT function simply counts the number of non-blank records in each Sex category, regardless of which field is placed in the Data/Values area. Since neither Sex nor Age has any missing (blank) values in the data set, counting Sex and counting Age within each Sex group produce the same result. The count is determined by the number of rows per category, not by the values contained in the field being counted.
A14: Pivot Table 3: LOS1 - Count of LOS1
A16: Row Labels | B16: Count of LOS1
A17: Short | B17: 42
A18: Medium | B18: 44
A19: Long | B19: 14
A20: Grand Total | B20: 100

Sheet Hospital charges
A1: ID | B1: Sex | C1: Sex1 | D1: Age | E1: LOS | F1: LOS1 | G1: DRG | H1: Charges | I1: Medicare | J1: Diag | K1: ICD-9
A2: 1 | B2: F | C2: =IF(B2="F",1,0) -> 1 | D2: 46 | E2: 4 | F2: =IF(E2<4,"Short",IF(E2<=9,"Medium","Long")) -> Medium | G2: 294 | H2: 2426.48 | I2: 2003.62 | J2: 2 | K2: 0
A3: 2 | B3: F | C3: =IF(B3="F",1,0) -> 1 | D3: 87 | E3: 8 | F3: =IF(E3<4,"Short",IF(E3<=9,"Medium","Long")) -> Medium | G3: 139 | H3: 6815.61 | I3: 1072.17 | J3: 4 | K3: 4
A4: 3 | B4: F | C4: =IF(B4="F",1,0) -> 1 | D4: 70 | E4: 10 | F4: =IF(E4<4,"Short",IF(E4<=9,"Medium","Long")) -> Long | G4: 34 | H4: 7596.68 | I4: 4096.98 | J4: 6 | K4: 0
A5: 4 | B5: M | C5: =IF(B5="F",1,0) -> 0 | D5: 72 | E5: 5 | F5: =IF(E5<4,"Short",IF(E5<=9,"Medium","Long")) -> Medium | G5: 140 | H5: 6450.77 | I5: 1710.79 | J5: 5 | K5: 0
A6: 5 | B6: F | C6: =IF(B6="F",1,0) -> 1 | D6: 82 | E6: 3 | F6: =IF(E6<4,"Short",IF(E6<=9,"Medium","Long")) -> Short | G6: 141 | H6: 3542.79 | I6: 1914.9 | J6: 3 | K6: 7
A7: 6 | B7: F | C7: =IF(B7="F",1,0) -> 1 | D7: 85 | E7: 2 | F7: =IF(E7<4,"Short",IF(E7<=9,"Medium","Long")) -> Short | G7: 15 | H7: 2590.86 | I7: 2601.14 | J7: 5 | K7: 4
A8: 7 | B8: F | C8: =IF(B8="F",1,0) -> 1 | D8: 73 | E8: 5 | F8: =IF(E8<4,"Short",IF(E8<=9,"Medium","Long")) -> Medium | G8: 294 | H8: 5082.83 | I8: 2035.31 | J8: 7 | K8: 2
A9: 8 | B9: M | C9: =IF(B9="F",1,0) -> 0 | D9: 65 | E9: 6 | F9: =IF(E9<4,"Short",IF(E9<=9,"Medium","Long")) -> Medium | G9: 241 | H9: 3580.55 | I9: 2320.42 | J9: 6 | K9: 0
A10: 9 | B10: M | C10: =IF(B10="F",1,0) -> 0 | D10: 73 | E10: 6 | F10: =IF(E10<4,"Short",IF(E10<=9,"Medium","Long")) -> Medium | G10: 335 | H10: 11045.79 | I10: 4184.26 | J10: 1 | K10: 0
A11: 10 | B11: F | C11: =IF(B11="F",1,0) -> 1 | D11: 94 | E11: 14 | F11: =IF(E11<4,"Short",IF(E11<=9,"Medium","Long")) -> Long | G11: 148 | H11: 19708.11 | I11: 12158.49 | J11: 4 | K11: 0
A12: 11 | B12: F | C12: =IF(B12="F",1,0) -> 1 | D12: 94 | E12: 11 | F12: =IF(E12<4,"Short",IF(E12<=9,"Medium","Long")) -> Long | G12: 89 | H12: 8953.38 | I12: 4345.84 | J12: 4 | K12: 0
A13: 12 | B13: M | C13: =IF(B13="F",1,0) -> 0 | D13: 79 | E13: 5 | F13: =IF(E13<4,"Short",IF(E13<=9,"Medium","Long")) -> Medium | G13: 127 | H13: 7000.21 | I13: 3993.48 | J13: 5 | K13: 0
... A101: 100 | B101: M | C101: =IF(B101="F",1,0) -> 0 | D101: 60 | E101: 5 | F101: =IF(E101<4,"Short",IF(E101<=9,"Medium","Long")) -> Medium | G101: 14 | H101: 6572.6 | I101: 3892.79 | J101: 6 | K101: 4

Sheet Age Distribution
A1: Age Frequency Distribution (replicates Figure 4.2)
A3: Minimum Age = | B3: =MIN('Hospital charges'!$D$2:$D$101) -> 39
A4: Maximum Age = | B4: =MAX('Hospital charges'!$D$2:$D$101) -> 96
A7: Age Class | B7: Upper Boundary | C7: Frequency f | D7: Relative Frequency | E7: Percentage (%) | F7: Cumulative Frequency | G7: Cumulative Rel. Frequency
A8: 30-39 | B8: 39 | C8: {=FREQUENCY('Hospital charges'!$D$2:$D$101,$B$8:$B$14)} -> 1 | D8: =C8/SUM($C$8:$C$14) -> 0.01 | E8: =C8/SUM($C$8:$C$14)*100 -> 1 | F8: =SUM($C$8:C8) -> 1 | G8: =F8/SUM($C$8:$C$14) -> 0.01
A9: 40-49 | B9: 49 | C9: 3 | D9: =C9/SUM($C$8:$C$14) -> 0.03 | E9: =C9/SUM($C$8:$C$14)*100 -> 3 | F9: =SUM($C$8:C9) -> 4 | G9: =F9/SUM($C$8:$C$14) -> 0.04
A10: 50-59 | B10: 59 | C10: 2 | D10: =C10/SUM($C$8:$C$14) -> 0.02 | E10: =C10/SUM($C$8:$C$14)*100 -> 2 | F10: =SUM($C$8:C10) -> 6 | G10: =F10/SUM($C$8:$C$14) -> 0.06
A11: 60-69 | B11: 69 | C11: 9 | D11: =C11/SUM($C$8:$C$14) -> 0.09 | E11: =C11/SUM($C$8:$C$14)*100 -> 9 | F11: =SUM($C$8:C11) -> 15 | G11: =F11/SUM($C$8:$C$14) -> 0.15
A12: 70-79 | B12: 79 | C12: 39 | D12: =C12/SUM($C$8:$C$14) -> 0.39 | E12: =C12/SUM($C$8:$C$14)*100 -> 39 | F12: =SUM($C$8:C12) -> 54 | G12: =F12/SUM($C$8:$C$14) -> 0.54
A13: 80-89 | B13: 89 | C13: 33 | D13: =C13/SUM($C$8:$C$14) -> 0.33 | E13: =C13/SUM($C$8:$C$14)*100 -> 33 | F13: =SUM($C$8:C13) -> 87 | G13: =F13/SUM($C$8:$C$14) -> 0.87
A14: 90-99 | B14: 99 | C14: 13 | D14: =C14/SUM($C$8:$C$14) -> 0.13 | E14: =C14/SUM($C$8:$C$14)*100 -> 13 | F14: =SUM($C$8:C14) -> 100 | G14: =F14/SUM($C$8:$C$14) -> 1
A15: Total | C15: =SUM(C8:C14) -> 100 | E15: =SUM(E8:E14) -> 100
A17: Yellow cells (Upper Boundary) are the FREQUENCY() bin inputs; changing them recalculates the whole table.
A39: Modified data for Figure 4.9 (frequency polygon): class midpoints, with a zero-frequency class added at each end
A40: Midpoint | B40: Class | C40: Frequency f
A41: 25 | B41: 20-29 | C41: 0
A42: 35 | B42: 30-39 | C42: =C8 -> 1
A43: 45 | B43: 40-49 | C43: =C9 -> 3
A44: 55 | B44: 50-59 | C44: =C10 -> 2
A45: 65 | B45: 60-69 | C45: =C11 -> 9
A46: 75 | B46: 70-79 | C46: =C12 -> 39
A47: 85 | B47: 80-89 | C47: =C13 -> 33
A48: 95 | B48: 90-99 | C48: =C14 -> 13
A49: 105 | B49: 100-109 | C49: 0

Sheet Age vs LOS
A1: Figure 4.12 - Scatter Diagram of Age and Length of Stay (LOS)
A2: Age and LOS pulled directly (by formula) from the "Hospital charges" sheet.
A4: Age | B4: LOS
A5: ='Hospital charges'!D2 -> 46 | B5: ='Hospital charges'!E2 -> 4
A6: ='Hospital charges'!D3 -> 87 | B6: ='Hospital charges'!E3 -> 8
A7: ='Hospital charges'!D4 -> 70 | B7: ='Hospital charges'!E4 -> 10
A8: ='Hospital charges'!D5 -> 72 | B8: ='Hospital charges'!E5 -> 5
A9: ='Hospital charges'!D6 -> 82 | B9: ='Hospital charges'!E6 -> 3
A10: ='Hospital charges'!D7 -> 85 | B10: ='Hospital charges'!E7 -> 2
A11: ='Hospital charges'!D8 -> 73 | B11: ='Hospital charges'!E8 -> 5
A12: ='Hospital charges'!D9 -> 65 | B12: ='Hospital charges'!E9 -> 6
A13: ='Hospital charges'!D10 -> 73 | B13: ='Hospital charges'!E10 -> 6
A14: ='Hospital charges'!D11 -> 94 | B14: ='Hospital charges'!E11 -> 14
A15: ='Hospital charges'!D12 -> 94 | B15: ='Hospital charges'!E12 -> 11
A16: ='Hospital charges'!D13 -> 79 | B16: ='Hospital charges'!E13 -> 5
... A104: ='Hospital charges'!D101 -> 60 | B104: ='Hospital charges'!E101 -> 5
