Workbook

Sheet Hospital charges
A1: ID | B1: Sex | C1: Sex1 | D1: Age | E1: LOS | F1: DRG | G1: Charges | H1: Medicare | I1: Diag | J1: ICD-9
A2: 1 | B2: F | C2: =IF(B2="F",1,0) | D2: 46 | E2: 4 | F2: 294 | G2: 2426.48 | H2: 2003.62 | I2: 2 | J2: 0
A3: 2 | B3: F | C3: =IF(B3="F",1,0) | D3: 87 | E3: 8 | F3: 139 | G3: 6815.61 | H3: 1072.17 | I3: 4 | J3: 4
A4: 3 | B4: F | C4: =IF(B4="F",1,0) | D4: 70 | E4: 10 | F4: 34 | G4: 7596.68 | H4: 4096.98 | I4: 6 | J4: 0
A5: 4 | B5: M | C5: =IF(B5="F",1,0) | D5: 72 | E5: 5 | F5: 140 | G5: 6450.77 | H5: 1710.79 | I5: 5 | J5: 0
A6: 5 | B6: F | C6: =IF(B6="F",1,0) | D6: 82 | E6: 3 | F6: 141 | G6: 3542.79 | H6: 1914.9 | I6: 3 | J6: 7
A7: 6 | B7: F | C7: =IF(B7="F",1,0) | D7: 85 | E7: 2 | F7: 15 | G7: 2590.86 | H7: 2601.14 | I7: 5 | J7: 4
A8: 7 | B8: F | C8: =IF(B8="F",1,0) | D8: 73 | E8: 5 | F8: 294 | G8: 5082.83 | H8: 2035.31 | I8: 7 | J8: 2
A9: 8 | B9: M | C9: =IF(B9="F",1,0) | D9: 65 | E9: 6 | F9: 241 | G9: 3580.55 | H9: 2320.42 | I9: 6 | J9: 0
A10: 9 | B10: M | C10: =IF(B10="F",1,0) | D10: 73 | E10: 6 | F10: 335 | G10: 11045.79 | H10: 4184.26 | I10: 1 | J10: 0
A11: 10 | B11: F | C11: =IF(B11="F",1,0) | D11: 94 | E11: 14 | F11: 148 | G11: 19708.11 | H11: 12158.49 | I11: 4 | J11: 0
A12: 11 | B12: F | C12: =IF(B12="F",1,0) | D12: 94 | E12: 11 | F12: 89 | G12: 8953.38 | H12: 4345.84 | I12: 4 | J12: 0
A13: 12 | B13: M | C13: =IF(B13="F",1,0) | D13: 79 | E13: 5 | F13: 127 | G13: 7000.21 | H13: 3993.48 | I13: 5 | J13: 0
... A101: 100 | B101: M | C101: =IF(B101="F",1,0) | D101: 60 | E101: 5 | F101: 14 | G101: 6572.6 | H101: 3892.79 | I101: 6 | J101: 4

Sheet Descriptive Stats
A1: Section 6.1: Descriptive Statistics for Age, LOS, and Charges
A2: Data source: Hospital charges worksheet, n = 100 patients
A4: ID | B4: Age | C4: (Age - Mean)^2 | D4: LOS | E4: (LOS - Mean)^2 | F4: Charges | G4: (Charges - Mean)^2
A5: ='Hospital charges'!A2 | B5: ='Hospital charges'!D2 | C5: =(B5-$B$108)^2 | D5: ='Hospital charges'!E2 | E5: =(D5-$C$108)^2 | F5: ='Hospital charges'!G2 | G5: =(F5-$D$108)^2
A6: ='Hospital charges'!A3 | B6: ='Hospital charges'!D3 | C6: =(B6-$B$108)^2 | D6: ='Hospital charges'!E3 | E6: =(D6-$C$108)^2 | F6: ='Hospital charges'!G3 | G6: =(F6-$D$108)^2
A7: ='Hospital charges'!A4 | B7: ='Hospital charges'!D4 | C7: =(B7-$B$108)^2 | D7: ='Hospital charges'!E4 | E7: =(D7-$C$108)^2 | F7: ='Hospital charges'!G4 | G7: =(F7-$D$108)^2
A8: ='Hospital charges'!A5 | B8: ='Hospital charges'!D5 | C8: =(B8-$B$108)^2 | D8: ='Hospital charges'!E5 | E8: =(D8-$C$108)^2 | F8: ='Hospital charges'!G5 | G8: =(F8-$D$108)^2
A9: ='Hospital charges'!A6 | B9: ='Hospital charges'!D6 | C9: =(B9-$B$108)^2 | D9: ='Hospital charges'!E6 | E9: =(D9-$C$108)^2 | F9: ='Hospital charges'!G6 | G9: =(F9-$D$108)^2
A10: ='Hospital charges'!A7 | B10: ='Hospital charges'!D7 | C10: =(B10-$B$108)^2 | D10: ='Hospital charges'!E7 | E10: =(D10-$C$108)^2 | F10: ='Hospital charges'!G7 | G10: =(F10-$D$108)^2
A11: ='Hospital charges'!A8 | B11: ='Hospital charges'!D8 | C11: =(B11-$B$108)^2 | D11: ='Hospital charges'!E8 | E11: =(D11-$C$108)^2 | F11: ='Hospital charges'!G8 | G11: =(F11-$D$108)^2
A12: ='Hospital charges'!A9 | B12: ='Hospital charges'!D9 | C12: =(B12-$B$108)^2 | D12: ='Hospital charges'!E9 | E12: =(D12-$C$108)^2 | F12: ='Hospital charges'!G9 | G12: =(F12-$D$108)^2
A13: ='Hospital charges'!A10 | B13: ='Hospital charges'!D10 | C13: =(B13-$B$108)^2 | D13: ='Hospital charges'!E10 | E13: =(D13-$C$108)^2 | F13: ='Hospital charges'!G10 | G13: =(F13-$D$108)^2
A14: ='Hospital charges'!A11 | B14: ='Hospital charges'!D11 | C14: =(B14-$B$108)^2 | D14: ='Hospital charges'!E11 | E14: =(D14-$C$108)^2 | F14: ='Hospital charges'!G11 | G14: =(F14-$D$108)^2
A15: ='Hospital charges'!A12 | B15: ='Hospital charges'!D12 | C15: =(B15-$B$108)^2 | D15: ='Hospital charges'!E12 | E15: =(D15-$C$108)^2 | F15: ='Hospital charges'!G12 | G15: =(F15-$D$108)^2
A16: ='Hospital charges'!A13 | B16: ='Hospital charges'!D13 | C16: =(B16-$B$108)^2 | D16: ='Hospital charges'!E13 | E16: =(D16-$C$108)^2 | F16: ='Hospital charges'!G13 | G16: =(F16-$D$108)^2
... A104: ='Hospital charges'!A101 | B104: ='Hospital charges'!D101 | C104: =(B104-$B$108)^2 | D104: ='Hospital charges'!E101 | E104: =(D104-$C$108)^2 | F104: ='Hospital charges'!G101 | G104: =(F104-$D$108)^2
A106: Summary: Mean, Median, Skew, and Variance/Std Dev (Manual Formulas vs. Built-in Functions)
A107: Statistic | B107: Age | C107: LOS | D107: Charges
A108: Mean (=AVERAGE) | B108: =AVERAGE(B5:B104) | C108: =AVERAGE(D5:D104) | D108: =AVERAGE(F5:F104)
A109: Median (=MEDIAN) | B109: =MEDIAN(B5:B104) | C109: =MEDIAN(D5:D104) | D109: =MEDIAN(F5:F104)
A110: Skew Direction (Mean vs. Median) | B110: =IF(B108>B109,"Right-skewed (positive)",IF(B108<B109,"Left-skewed (negative)","Symmetric")) | C110: =IF(C108>C109,"Right-skewed (positive)",IF(C108<C109,"Left-skewed (negative)","Symmetric")) | D110: =IF(D108>D109,"Right-skewed (positive)",IF(D108<D109,"Left-skewed (negative)","Symmetric"))
A111: (If Mean > Median, the distribution is skewed right/positively, pulled by high outliers; if Mean < Median, skewed left/negatively; if Mean = Median, roughly symmetric.)
A112: n (sample size) | B112: =COUNT(B5:B104) | C112: =COUNT(D5:D104) | D112: =COUNT(F5:F104)
A113: Sum of Squared Deviations: Sum(x - xbar)^2 | B113: =SUM(C5:C104) | C113: =SUM(E5:E104) | D113: =SUM(G5:G104)
A114: Variance (Eq. 6.3): s^2 = Sum(x-xbar)^2 / (n-1) | B114: =B113/(B112-1) | C114: =C113/(C112-1) | D114: =D113/(D112-1)
A115: Std Dev (Eq. 6.4): s = SQRT(s^2) | B115: =SQRT(B114) | C115: =SQRT(C114) | D115: =SQRT(D114)
A117: Variance (=VAR() function) | B117: =VAR(B5:B104) | C117: =VAR(D5:D104) | D117: =VAR(F5:F104)
A118: Std Dev (=STDEV() function) | B118: =STDEV(B5:B104) | C118: =STDEV(D5:D104) | D118: =STDEV(F5:F104)
A119: Match Check: (c) vs. (d) | B119: =IF(ROUND(B114,4)=ROUND(B117,4),"Match","No Match") | C119: =IF(ROUND(C114,4)=ROUND(C117,4),"Match","No Match") | D119: =IF(ROUND(D114,4)=ROUND(D117,4),"Match","No Match")
