Workbook

Sheet Costs
A1: ID | B1: Hosp | C1: Cost
A2: 1 | B2: Albemarle | C2: 5342.61
A3: 2 | B3: Albemarle | C3: 7237.59
A4: 3 | B4: Albemarle | C4: 11801.95
A5: 4 | B5: Albemarle | C5: 1082.36
A6: 5 | B6: Albemarle | C6: 2379.59
A7: 6 | B7: Albemarle | C7: 8469.39
A8: 7 | B8: Albemarle | C8: 4453.55
A9: 8 | B9: Albemarle | C9: 4745.26
A10: 9 | B10: Albemarle | C10: 11963.8
A11: 10 | B11: Albemarle | C11: 5294.96
A12: 11 | B12: Albemarle | C12: 2965.55
A13: 12 | B13: Albemarle | C13: 3896.16
... A121: 120 | B121: Dare | C121: 5933.54

Sheet ANOVA Analysis
A1: One-Way ANOVA: Hospital Costs (replicates Figure 10.3)
A2: Source data: 'Costs' worksheet (Hosp, Cost), N = 120 patients across 4 hospitals
A4: Step 1 & 2: Pivot Table Summary (Count, Sum, Average, Variance by Hospital)
A5: Hospital | B5: Count (n) | C5: Sum | D5: Average (Mean) | E5: Variance
A6: Albemarle | B6: =COUNTIF(Costs!$B$2:$B$121,A6) -> 30 | C6: =SUMIF(Costs!$B$2:$B$121,A6,Costs!$C$2:$C$121) -> 199229.57 | D6: =AVERAGEIF(Costs!$B$2:$B$121,A6,Costs!$C$2:$C$121) -> 6640.9857 | E6: =SUMPRODUCT((Costs!$B$2:$B$121=A6)*(Costs!$C$2:$C$121-D6)^2)/(B6-1) -> 21757799
A7: Beaufort | B7: =COUNTIF(Costs!$B$2:$B$121,A7) -> 30 | C7: =SUMIF(Costs!$B$2:$B$121,A7,Costs!$C$2:$C$121) -> 187616.87 | D7: =AVERAGEIF(Costs!$B$2:$B$121,A7,Costs!$C$2:$C$121) -> 6253.8957 | E7: =SUMPRODUCT((Costs!$B$2:$B$121=A7)*(Costs!$C$2:$C$121-D7)^2)/(B7-1) -> 24442189
A8: Catawba | B8: =COUNTIF(Costs!$B$2:$B$121,A8) -> 30 | C8: =SUMIF(Costs!$B$2:$B$121,A8,Costs!$C$2:$C$121) -> 281421.26 | D8: =AVERAGEIF(Costs!$B$2:$B$121,A8,Costs!$C$2:$C$121) -> 9380.7087 | E8: =SUMPRODUCT((Costs!$B$2:$B$121=A8)*(Costs!$C$2:$C$121-D8)^2)/(B8-1) -> 23920882
A9: Dare | B9: =COUNTIF(Costs!$B$2:$B$121,A9) -> 30 | C9: =SUMIF(Costs!$B$2:$B$121,A9,Costs!$C$2:$C$121) -> 171486.15 | D9: =AVERAGEIF(Costs!$B$2:$B$121,A9,Costs!$C$2:$C$121) -> 5716.205 | E9: =SUMPRODUCT((Costs!$B$2:$B$121=A9)*(Costs!$C$2:$C$121-D9)^2)/(B9-1) -> 15607649
A10: Grand Total | B10: =SUM(B6:B9) -> 120 | C10: =SUM(C6:C9) -> 839753.85 | D10: =AVERAGE(Costs!$C$2:$C$121) -> 6997.9488
A11: Note: this summary matches an Excel PivotTable with Hosp in Rows and Cost summarized as Count and Average. To insert the native PivotTable object: select Costs!A1:C121 → Insert → PivotTable → drag Hosp to Rows, and Cost to Values twice (set one to Count, one to Average).
A15: Step 3: Equation 10.1 – Between-Groups Sum of Squares (SSB)
A16: SSB = Σ nᵢ (X̄ᵢ − X̄grand)²
A17: SSB = | B17: =SUMPRODUCT(B6:B9,(D6:D9-$D$10)^2) -> 2.4004348e+08
A19: Step 4: Equation 10.2 – Within-Groups Sum of Squares (SSW)
A20: SSW = Σ (nᵢ − 1) sᵢ²
A21: SSW = | B21: =SUMPRODUCT(B6:B9-1,E6:E9) -> 2.4861271e+09
A23: Step 5: Equation 10.3 – Total Sum of Squares (SST)
A24: SST = SSB + SSW
A25: SST = | B25: =$B$17+$B$21 -> 2.7261706e+09 | C25: Check (DEVSQ of all 120 costs): | D25: =DEVSQ(Costs!$C$2:$C$121) -> 2.7261706e+09
A27: Step 6: Degrees of Freedom and Equation 10.4 – F Statistic
A28: k (# groups) = | B28: =COUNTA(A6:A9) -> 4
A29: N (total obs) = | B29: =COUNT(Costs!$C$2:$C$121) -> 120
A30: df between (k − 1) = | B30: =B28-1 -> 3
A31: df within (N − k) = | B31: =B29-B28 -> 116
A32: MSB = SSB / dfB = | B32: =$B$17/B30 -> 80014495
A33: MSW = SSW / dfW = | B33: =$B$21/B31 -> 21432130
A34: F = MSB / MSW = | B34: =B32/B33 -> 3.7333898
A36: Step 7: Probability of F (=FDIST) and Conclusion
A37: P(F) via =FDIST(F,dfB,dfW) = | B37: =FDIST(B34,B30,B31) -> 0.013233422
A38: α (significance level) = | B38: 0.05
A40: =IF($B$37<$B$38,"Reject H0: p = "&TEXT($B$37,"0.0000")&" < α = "&TEXT($B$38,"0.00")&". There is a statistically significant difference among the mean costs of the four hospitals.","Fail to reject H0: p = "&TEXT($B$37,"0.0000")&" ≥ α = "&TEXT($B$38,"0.00")&". No statistically significant difference among the mean costs of the four hospitals.") -> Reject H0: p = 0.0132 < α = 0.05. There is a statistically significant difference among the mean costs of the four hospitals.
