Workbook

Sheet Cost
A1: Cost | B1: Women | C1: Men
B2: 6457.31 | C2: 1752.96
B3: 3625.43 | C3: 29821.74
B4: 2510.78 | C4: 1907.73
B5: 8228.22 | C5: 5097.72
B6: 3331.56 | C6: 7574.53
B7: 7254.36 | C7: 1295.3
B8: 29766.29 | C8: 15259.68
B9: 5881.9 | C9: 4169.06
B10: 4901.39 | C10: 11045.79
B11: 1853.67 | C11: 4745.26
B12: 2015.86 | C12: 4283.55
B13: 7900.35 | C13: 1797.81
... B35: 4596 | C35: 2088.95

Sheet Regression Data
A1: Rearranged Data for Regression (long format)
A2: Cost = dependent variable; Female = independent (dummy) variable, 1 = woman, 0 = man
A3: ID | B3: Cost | C3: Source (from 'Cost' sheet) | D3: Female
A4: 1 | B4: =Cost!B2 -> 6457.31 | C4: Woman #1 (Cost!B2) | D4: 1
A5: 2 | B5: =Cost!B3 -> 3625.43 | C5: Woman #2 (Cost!B3) | D5: 1
A6: 3 | B6: =Cost!B4 -> 2510.78 | C6: Woman #3 (Cost!B4) | D6: 1
A7: 4 | B7: =Cost!B5 -> 8228.22 | C7: Woman #4 (Cost!B5) | D7: 1
A8: 5 | B8: =Cost!B6 -> 3331.56 | C8: Woman #5 (Cost!B6) | D8: 1
A9: 6 | B9: =Cost!B7 -> 7254.36 | C9: Woman #6 (Cost!B7) | D9: 1
A10: 7 | B10: =Cost!B8 -> 29766.29 | C10: Woman #7 (Cost!B8) | D10: 1
A11: 8 | B11: =Cost!B9 -> 5881.9 | C11: Woman #8 (Cost!B9) | D11: 1
A12: 9 | B12: =Cost!B10 -> 4901.39 | C12: Woman #9 (Cost!B10) | D12: 1
A13: 10 | B13: =Cost!B11 -> 1853.67 | C13: Woman #10 (Cost!B11) | D13: 1
A14: 11 | B14: =Cost!B12 -> 2015.86 | C14: Woman #11 (Cost!B12) | D14: 1
A15: 12 | B15: =Cost!B13 -> 7900.35 | C15: Woman #12 (Cost!B13) | D15: 1
... A37: 34 | B37: =Cost!B35 -> 4596 | C37: Woman #34 (Cost!B35) | D37: 1
A38: 35 | B38: =Cost!C2 -> 1752.96 | C38: Man #1 (Cost!C2) | D38: 0
A39: 36 | B39: =Cost!C3 -> 29821.74 | C39: Man #2 (Cost!C3) | D39: 0
A40: 37 | B40: =Cost!C4 -> 1907.73 | C40: Man #3 (Cost!C4) | D40: 0
A41: 38 | B41: =Cost!C5 -> 5097.72 | C41: Man #4 (Cost!C5) | D41: 0
A42: 39 | B42: =Cost!C6 -> 7574.53 | C42: Man #5 (Cost!C6) | D42: 0
A43: 40 | B43: =Cost!C7 -> 1295.3 | C43: Man #6 (Cost!C7) | D43: 0
A44: 41 | B44: =Cost!C8 -> 15259.68 | C44: Man #7 (Cost!C8) | D44: 0
A45: 42 | B45: =Cost!C9 -> 4169.06 | C45: Man #8 (Cost!C9) | D45: 0
A46: 43 | B46: =Cost!C10 -> 11045.79 | C46: Man #9 (Cost!C10) | D46: 0
A47: 44 | B47: =Cost!C11 -> 4745.26 | C47: Man #10 (Cost!C11) | D47: 0
A48: 45 | B48: =Cost!C12 -> 4283.55 | C48: Man #11 (Cost!C12) | D48: 0
A49: 46 | B49: =Cost!C13 -> 1797.81 | C49: Man #12 (Cost!C13) | D49: 0
... A71: 68 | B71: =Cost!C35 -> 2088.95 | C71: Man #34 (Cost!C35) | D71: 0

Sheet Regression Analysis
A1: Regression: Is Mean Cost the Same for Women and Men?
A2: Model: Cost = b0 + b1 × Female + e (uses data on the 'Regression Data' sheet)
A4: Step 1: LINEST Regression Output
B5: b1 (Female slope) | C5: b0 (Intercept)
A6: Coefficient | B6: {=LINEST('Regression Data'!$B$4:$B$71,'Regression Data'!$D$4:$D$71,TRUE,TRUE)} -> 228.81912 | C6: 6624.6347
A7: Standard Error | B7: 1619.6831 | C7: 1145.2889
A8: R² / Std Error of y | B8: 0.00030230773 | C8: 6678.1246
A9: F-stat / df (resid) | B9: 0.019958344 | C9: 66
A10: SS Regression / SS Resid | B10: 890089.21 | C10: 2.943425e+09
A12: Step 2: Group Means (sanity check against b0, b1)
A13: Mean cost — Men (Female = 0) | B13: =AVERAGEIF('Regression Data'!$D$4:$D$71,0,'Regression Data'!$B$4:$B$71) -> 6624.6347
A14: Mean cost — Women (Female = 1) | B14: =AVERAGEIF('Regression Data'!$D$4:$D$71,1,'Regression Data'!$B$4:$B$71) -> 6853.4538
A15: Difference (Women − Men) = b1 | B15: =B14-B13 -> 228.81912
A17: Step 3: Hypothesis Test on b1 (H0: cost(women) = cost(men) vs. H1: not equal)
A18: b1 (estimated difference) | B18: =$B$6 -> 228.81912
A19: Standard error of b1 | B19: =$B$7 -> 1619.6831
A20: df (residual) = n − 2 | B20: =$C$9 -> 66
A21: t stat = b1 / SE(b1) | B21: =$B$6/$B$7 -> 0.141274
A22: p-value = TDIST(ABS(t), df, 2-tail) | B22: =TDIST(ABS($B$21),$C$9,2) -> 0.88808381
A23: α (significance level) | B23: 0.05
A25: Step 4: Conclusion
A26: =IF($B$22<$B$23,"Reject H0: p = "&TEXT($B$22,"0.0000")&" < α = "&TEXT($B$23,"0.00")&". The regression coefficient on Female is statistically significant — mean hospital cost differs between women and men.","Fail to reject H0: p = "&TEXT($B$22,"0.0000")&" ≥ α = "&TEXT($B$23,"0.00")&". The coefficient on Female is not statistically significant — there is not enough evidence that mean hospital cost differs between women and men.") -> Fail to reject H0: p = 0.8881 ≥ α = 0.05. The coefficient on Female is not statistically significant — there is not enough evidence that mean hospital cost differs between women and men.
A31: Note: because Female is a 0/1 dummy variable, this simple regression of Cost on Female is algebraically identical to a two-sample (pooled-variance) t-test comparing the two group means: b0 = mean cost for men, b1 = (mean cost for women) − (mean cost for men), and the t-stat/p-value on b1 above equal the t-test's t-stat and p-value.
